line,number
1,ิมC06627D
1,ิมC00292D
1,ิมC00539D
1,ิมC08688D
1,ิมC08697D
1,ิมC00566D
1,ิมC02753D
1,ิมC07890D
1,ิมC00921D
1,ิมC07889D
1,ิมC07882D
1,ิมC07765D
1,ิมC07760D
1,ิมC06675D
2,ิมC06109D
2,ิมC07023D
2,ิมC01756D
2,ิมC02732D
2,ิมC07891D
2,ิมC02608D
2,ิมC02638D
2,ิมC06657D
2,ิมC06702D
2,ิมC07729D
2,ิมC02736D
2,ิมC07759D
2,ิมC07856D
2,ิมC01726D
2,ิมC07089D
3,ิมC02659D
3,ิมC02238D
3,ิมC01715D
3,ิมC01253D
3,ิมC01229D
3,ิมC00822D
3,ิมC06736D
3,ิมC07732D
3,ิมC07710D
3,ิมC07591D
3,ิมC00694D
3,ิมC02622D
3,ิมC08652D
4,ิมC01230D
4,ิมC07609D
4,ิมC07600D
4,ิมC06120D
4,ิมC05613D
4,ิมC08079D
4,ิมC08039D
4,ิมC07718D
4,ิมC00628D
4,ิมC00596D
4,ิมC02695D
4,ิมC07739D
4,ิมC01252D
5,ิมC07547D
5,ิมC18633
5,ิมC18645
5,ิมC18725
5,ิมC18717
5,ิมC18706
5,ิมC07803D
5,ิมC20508
5,ิมC18697
5,ิมC17514
5,ิมC18700
5,ิมC18734
5,ิมC18727
5,ิมC18549
5,ิมC18756
5,ิมC07065D
5,ิมC17734
5,ิมC18764
5,ิมC20474
6,ิมC06130D
6,ิมC06129D
6,ิมC05655D
6,ิมC05658D
6,ิมC06156D
6,ิมC05685D
6,ิมC05629D
6,ิมC00205D
6,ิมC00637D
6,ิมC06771D
6,ิมC05671D
7,ิมC03321D
7,ิมC01721D
7,ิมC01713D
7,ิมC00553D
7,ิมC06769D
7,ิมC06721D
7,ิมC06125D
7,ิมC06107D
7,ิมC05625D
7,ิมC03884D
8,ิมC01232D
8,ิมC00985D
8,ิมC02759D
8,ิมC05627D
8,ิมC05602D
8,ิมC05691D
8,ิมC02760D
8,ิมC02632D
8,ิมC02780D
8,ิมC08677D
8,ิมC08619D
8,ิมC02708D
8,ิมC06989D
8,ิมC00631D
9,ิมC02776D
9,ิมC02767D
9,ิมC02701D
9,ิมC07681D
9,ิมC07026D
9,ิมC23589
9,ิมC07653D
9,ิมC07652D
9,ิมC02696D
9,ิมC02672D
9,ิมC01207D
9,ิมC01205D
9,ิมC05615D
10,ิมC01707D
10,ิมC00923D
10,ิมC00586D
10,ิมC07528D
10,ิมC07027D
10,ิมC07017D
10,ิมC06620D
10,ิมC05665D
10,ิมC03302D
10,ิมC02626D
10,ิมC03338D
10,ิมC00950D
10,ิมC07808D
10,ิมC02633D
10,ิมC06913D
10,ิมC08679D
10,ิมC08050D
10,ิมC07575D
11,ิมC03838D
11,ิมC00909D
11,ิมC06775D
11,ิมC07501D
11,ิมC06113D
11,ิมC06606D
11,ิมC06601D
11,ิมC02755D
11,ิมC00236D
12,ิมC03368D
12,ิมC02609D
12,ิมC05668D
12,ิมC02792D
12,ิมC00618D
12,ิมC03200D
12,ิมC07658D
12,ิมC07573D
12,ิมC03396D
12,ิมC02650D
12,ิมC00276D
12,ิมC01217D
12,ิมC05608D
12,ิมC01285D
12,ิมC06731D
13,ิมC07086D
13,ิมC06959D
13,ิมC05693D
13,ิมC05673D
13,ิมC03377D
13,ิมC03291D
13,ิมC02237D
13,ิมC07723D
13,ิมC00524D
13,ิมC07702D
13,ิมC07661D
13,ิมC07536D
13,ิมC00527D
13,ิมC02752D
14,ิมC31080
14,ิมC31273
14,ิมC31282
14,ิมC31026
14,ิมC31286
14,ิมC31297
14,ิมC31081
14,ิมC31069
14,ิมC31088
14,ิมC31086
14,ิมC31167
14,ิมC31267
14,ิมC31823
14,ิมC31085
14,ิมC31290
14,ิมC31810
15,ิมC18642
15,ิมC17744
15,ิมC17804
15,ิมC17793
15,ิมC17802
15,ิมC18650
15,ิมC18592
15,ิมC17810
15,ิมC18661
15,ิมC17798
15,ิมC18609
15,ิมC18547
15,ิมC08633D
16,ิมC21112
16,ิมC21039
16,ิมC21059
16,ิมC21168
16,ิมC21133
16,ิมC21140
16,ิมC21139
16,ิมC21155
16,ิมC21130
16,ิมC21065
16,ิมC21172
16,ิมC21055
16,ิมC21144
17,ิมC07691D
17,ิมC01773D
17,ิมC07565D
17,ิมC07627D
17,ิมC02763D
17,ิมC07651D
17,ิมC03851D
17,ิมC07081D
17,ิมC02607D
18,ิมC02260D
18,ิมC00995D
18,ิมC08193D
18,ิมC07097D
18,ิมC00811D
18,ิมC00663D
18,ิมC08156D
18,ิมC02213D
20,ิมC07586D
20,ิมC07522D
20,ิมC07697D
20,ิมC08076D
20,ิมC07526D
20,ิมC06931D
20,ิมC08653D
20,ิมC07539D
21,ิมC23586
21,ิมC23591
21,ิมC21074
21,ิมC23592
21,ิมC23587
21,ิมC23588
22,ิมC06720D
22,ิมC06123D
22,ิมC01779D
22,ิมC02751D
22,ิมC01291D
22,ิมC03213D
22,ิมC01762D
22,ิมC00565D
22,ิมC01709D
22,ิมC00907D
22,ิมC06108D
22,ิมC03853D
22,ิมC00593D
23,ิมC07804D
23,ิมC07819D
23,ิมC07629D
23,ิมC07791D
23,ิมC07052D
23,ิมC06670D
23,ิมC07731D
23,ิมC05676D
23,ิมC06750D
23,ิมC07021D
23,ิมC06196D
23,ิมC07523D
23,ิมC06795D
25,ิมC03271D
25,ิมC03320D
25,ิมC07699D
25,ิมC03218D
25,ิมC06790D
25,ิมC06708D
25,ิมC00927D
25,ิมC01701D
25,ิมC03391D
25,ิมC01212D
25,ิมC07037D
25,ิมC07686D
25,ิมC05618D
25,ิมC08052D
25,ิมC00902D
25,ิมC07612D
25,ิมC00937D
25,ิมC07625D
25,ิมC08092D
26,ิมC08616D
26,ิมC08608D
26,ิมC06622D
26,ิมC06612D
26,ิมC02773D
26,ิมC08669D
26,ิมC06671D
26,ิมC07758D
26,ิมC08606D
26,ิมC03885D
26,ิมC00963D
26,ิมC00263D
26,ิมC00233D
30,ิมC08626D
30,ิมC00999D
30,ิมC06665D
30,ิมC08663D
30,ิมC06661D
31,ิมC20497
31,ิมC20543
31,ิมC20535
31,ิมC20531
31,ิมC20528
31,ิมC20524
31,ิมC20504
32,ิมC09466D
32,ิมC09444D
32,ิมC03828D
32,ิมC07855D
32,ิมC01777D
32,ิมC07016D
32,ิมC09484D
32,ิมC03386D
32,ิมC02721D
32,ิมC03303D
33,ิมC03272D
33,ิมC02635D
33,ิมC02612D
33,ิมC01761D
33,ิมC01720D
33,ิมC01710D
33,ิมC00582D
33,ิมC01200D
33,ิมC00567D
33,ิมC02720D
33,ิมC03251D
33,ิมC01727D
34,ิมC17797
34,ิมC20565
34,ิมC20561
34,ิมC18709
34,ิมC21132
34,ิมC20746
34,ิมC18707
34,ิมC20357
35,ิมC23580
35,ิมC23598
35,ิมC23581
35,ิมC20759
35,ิมC23579
35,ิมC23583
35,ิมC23597
35,ิมC23635
36,ิมC02681D
36,ิมC01766D
36,ิมC07875D
36,ิมC07872D
36,ิมC07025D
36,ิมC06923D
36,ิมC06793D
36,ิมC03892D
36,ิมC02683D
40,ิมC06615D
40,ิมC07673D
40,ิมC07022D
40,ิมC07805D
40,ิมC07761D
40,ิมC07576D
40,ิมC07631D
40,ิมC07621D
40,ิมC07605D
40,ิมC00237D
40,ิมC07560D
40,ิมC07503D
40,ิมC07067D
40,ิมC07050D
40,ิมC07738D
40,ิมC07020D
40,ิมC07057D
40,ิมC03375D
40,ิมC07032D
40,ิมC07616D
41,ิมC20241
41,ิมC20353
41,ิมC20343
41,ิมC20281
42,ิมC00200D
42,ิมC00500D
42,ิมC08689D
42,ิมC08668D
42,ิมC07776D
42,ิมC00228D
42,ิมC07733D
42,ิมC07008D
42,ิมC03882D
42,ิมC07722D
42,ิมC06662D
42,ิมC03860D
42,ิมC00986D
42,ิมC00993D
42,ิมC00588D
42,ิมC00262D
42,ิมC06161D
43,ิมC20749
43,ิมC21195
43,ิมC21076
43,ิมC18704
43,ิมC21170
43,ิมC21158
43,ิมC20750
43,ิมC21117
43,ิมC21123
43,ิมC21124
43,ิมC21165
43,ิมC18672
43,ิมC03808D
43,ิมC06188D
43,ิมC20486
43,ิมC00865D
45,ิมC02716D
45,ิมC08025D
45,ิมC08016D
45,ิมC07075D
45,ิมC01781D
45,ิมC07807D
45,ิมC07763D
46,ิมC32928
46,ิมC06613D
46,ิมC06183D
46,ิมC32902
46,ิมC32908
55,ิมC07772D
55,ิมC06639D
55,ิมC00990D
55,ิมC00933D
55,ิมC07779D
55,ิมC06631D
55,ิมC06626D
55,ิมC06186D
55,ิมC06623D
55,ิมC03888D
55,ิมC08610D
55,ิมC08609D
55,ิมC06635D
56,ิมC05626D
56,ิมC05631D
56,ิมC01257D
56,ิมC02669D
56,ิมC01231D
56,ิมC00597D
56,ิมC06104D
56,ิมC06739D
56,ิมC05661D
60,ิมC19874
60,ิมC01706D
60,ิมC00219D
60,ิมC01279D
60,ิมC01277D
60,ิมC00579D
60,ิมC00551D
60,ิมC19924
60,ิมC19974
60,ิมC20477
60,ิมC00293D
61,ิมC00239D
61,ิมC07767D
61,ิมC06190D
61,ิมC03872D
61,ิมC07798D
61,ิมC06673D
62,ิมC03859D
62,ิมC07750D
62,ิมC05622D
62,ิมC02620D
62,ิมC02691D
62,ิมC07611D
62,ิมC05621D
62,ิมC02667D
62,ิมC07510D
62,ิมC00886D
66,ิมC18114
66,ิมC17787
66,ิมC18567
66,ิมC18113
66,ิมC18097
67,ิมC00991D
67,ิมC02777D
68,ิมC06993D
68,ิมC05657D
68,ิมC08667D
68,ิมC08085D
68,ิมC06770D
68,ิมC06177D
68,ิมC03810D
68,ิมC03355D
68,ิมC03331D
68,ิมC08003D
68,ิมC07838D
69,ิมC01262D
69,ิมC01225D
69,ิมC00613D
69,ิมC00629D
69,ิมC02729D
69,ิมC02707D
69,ิมC05607D
69,ิมC02791D
69,ิมC05610D
69,ิมC02703D
69,ิมC03337D
70,ิมC18089
70,ิมC18073
70,ิมC20552
70,ิมC20499
71,ิมC30941
73,ิมC32470
73,ิมC00906D
80,ิมC02668D
80,ิมC03895D
80,ิมC03820D
81,ิมC08603D
81,ิมC07799D
82,ิมC18656
82,ิมC17781
82,ิมC17799
82,ิมC01214D
82,ิมC17848
82,ิมC18723
82,ิมC21125
82,ิมC21051
82,ิมC17792
83,ิมC21122
83,ิมC01258D
83,ิมC21093
83,ิมC21160
83,ิมC20702
85,ิมC20569
85,ิมC20562
86,ิมC20538
86,ิมC20533
86,ิมC20710
86,ิมC22907
86,ิมC20774
86,ิมC20567
86,ิมC20560
86,ิมC22912
86,ิมC08067D
86,ิมC20536
86,ิมC18771
99,ิมC21036
99,ิมC20990
99,ิมC21045
99,ิมC18606
99,ิมC21143
99,ิมC21156
99,ิมC21159
99,ิมC21189
99,ิมC21011
99,ิมC21017
99,ิมC21020
99,ิมC21171
101,ิมC32889
101,ิมC32887
101,ิมC32879
101,ิมC08683D
103,ิมC32047
201,ิมC06689D
201,ิมC03863D
201,ิมC00222D
201,ิมC01733D
201,ิมC06636D
201,ิมC08636D
201,ิมC01711D
201,ิมC02727D
201,ิมC00939D
201,ิมC08580D
201,ิมC08117D
201,ิมC00639D
201,ิมC07677D
201,ิมC00545D
201,ิมC02220D
201,ิมC02207D
201,ิมC00918D
202,ิมC06903D
202,ิมC06910D
202,ิมC07726D
202,ิมC02725D
202,ิมC02628D
202,ิมC01776D
202,ิมC01789D
202,ิมC06725D
202,ิมC07572D
202,ิมC07707D
202,ิมC07010D
202,ิมC07003D
202,ิมC05660D
202,ิมC07505D
202,ิมC03388D
204,ิมC21095
204,ิมC21108
207,ิมC18752
207,ิมC20736
207,ิมC20735
207,ิมC20738
207,ิมC20745
207,ิมC20744
207,ิมC20739
207,ิมC18719
207,ิมC18544
207,ิมC18701
207,ิมC21057
207,ิมC18613
303,ิมC23614
303,ิมC23632
303,ิมC23621
303,ิมC23625
303,ิมC23630
303,ิมC23631
303,ิมC23628
304,ิมC23055
304,ิมC23053
304,ิมC23043
304,ิมC23061
304,ิมC23048
304,ิมC23063
306,ิมC00671D
306,ิมC00652D
306,ิมC00570D
306,ิมC00810D
306,ิมC00611D
306,ิมC00699D
307,ิมC23051
307,ิมC18761
307,ิมC18655
307,ิมC18722
308,ิมC00828D
308,ิมC00862D
308,ิมC00883D
308,ิมC00882D
308,ิมC03275D
308,ิมC00866D
308,ิมC00858D
315,ิมC32900
315,ิมC32892
315,ิมC32890
315,ิมC32901
315,ิมC32886
316,ิมC33951
316,ิมC33959
316,ิมC34217
316,ิมC34216
401,ิมC00212D
401,ิมC03815D
401,ิมC07525D
401,ิมC07607D
401,ิมC02630D
401,ิมC00523D
401,ิมC06151D
401,ิมC06687D
401,ิมC01758D
401,ิมC07587D
401,ิมC00965D
401,ิมC08650D
402,ิมC18194
402,ิมC18313
402,ิมC18196
402,ิมC18157
403,ิมC23118
403,ิมC23127
403,ิมC23044
403,ิมC23067
403,ิมC23042
403,ิมC23130
404,ิมC32883
404,ิมC32885
404,ิมC32899
405,ิมC18153
405,ิมC18306
405,ิมC18318
405,ิมC18328
405,ิมC18182
405,ิมC18162
405,ิมC17564
405,ิมC17274
405,ิมC18142
405,ิมC18312
405,ิมC18232
406,ิมC23069
406,ิมC23125
406,ิมC23074
406,ิมC23072
406,ิมC23075
406,ิมC23068
406,ิมC23133
406,ิมC23126
406,ิมC23078
406,ิมC23070
407,ิมC23071
407,ิมC23119
407,ิมC23132
408,ิมC23637
408,ิมC23633
408,ิมC23636
409,ิมC23642
410,ิมC23094
410,ิมC23092
410,ิมC23090
410,ิมC23093
410,ิมC23089
410,ิมC23076
411,ิมC34202
411,ิมC34205
411,ิมC34206
411,ิมC34215
411,ิมC34209
413,ิมC34203
415,ิมC23107
415,ิมC23109
415,ิมC23106
415,ิมC23103
415,ิมC23095
415,ิมC23101
415,ิมC23131
415,ิมC23100
416,ิมC23112
416,ิมC23111
416,ิมC23113
416,ิมC23034
416,ิมC23110
417,ิมC33947
419,ิมC23639
419,ิมC23788
501,ิมC18221
501,ิมC18224
501,ิมC18222
501,ิมC18218
501,ิมC18233
501,ิมC17614
501,ิมC18240
502,ิมC23565
502,ิมC18184
502,ิมC22840
502,ิมC23610
502,ิมC23623
502,ิมC23572
502,ิมC17774
502,ิมC18615
502,ิมC23566
502,ิมC23563
502,ิมC20502
502,ิมC23569
502,ิมC20500
502,ิมC23571
503,ิมC23082
503,ิมC23083
503,ิมC23087
503,ิมC23081
503,ิมC23084
503,ิมC23080
503,ิมC23085
504,ิมC20575
504,ิมC23534
504,ิมC22514
504,ิมC23553
504,ิมC23519
504,ิมC23537
504,ิมC23541
504,ิมC23558
504,ิมC23552
504,ิมC23464
504,ิมC20725
504,ิมC20558
504,ิมC20551
504,ิมC20526
504,ิมC20495
504,ิมC20566
504,ิมC20527
510,ิมC08622D
510,ิมC06111D
510,ิมC06605D
510,ิมC00996D
510,ิมC08661D
510,ิมC03806D
510,ิมC02788D
510,ิมC00558D
510,ิมC06692D
510,ิมC08660D
510,ิมC07771D
520,ิมC08600D
520,ิมC07755D
520,ิมC06100D
520,ิมC07000D
520,ิมC00556D
520,ิมC07766D
520,ิมC03833D
520,ิมC07077D
540,ิมC07059D
540,ิมC06996D
540,ิมC08687D
540,ิมC02733D
540,ิมC07072D
540,ิมC01717D
540,ิมC00913D
540,ิมC00250D
540,ิมC06787D
540,ิมC07783D
540,ิมC07720D
541,ิมC07735D
541,ิมC07011D
541,ิมC06185D
541,ิมC07753D
541,ิมC02610D
541,ิมC07083D
541,ิมC00979D
541,ิมC03867D
541,ิมC03822D
541,ิมC07787D
541,ิมC08623D
601,ิมC23557
601,ิมC23554
601,ิมC22963
601,ิมC23555
601,ิมC22948
601,ิมC22931
601,ิมC22930
601,ิมC22916
601,ิมC22945
601,ิมC22950
601,ิมC22935
601,ิมC22928
602,ิมC18291
602,ิมC18349
602,ิมC18340
602,ิมC18298
602,ิมC18305
602,ิมC17874
602,ิมC18279
602,ิมC18287
602,ิมC17534
602,ิมC23556
602,ิมC18302
602,ิมC17264
602,ิมC18268
603,ิมC02711D
603,ิมC06173D
603,ิมC07785D
603,ิมC06729D
603,ิมC02687D
603,ิมC06699D
603,ิมC07770D
603,ิมC06609D
605,ิมC18646
608,ิมC18201
608,ิมC18280
608,ิมC18284
608,ิมC21106
608,ิมC18271
608,ิมC21104
608,ิมC21070
608,ิมC21056
608,ิมC21050
608,ิมC21048
608,ิมC21043
608,ิมC21060
609,ิมC18237
609,ิมC18292
609,ิมC18244
609,ิมC18247
609,ิมC22904
609,ิมC18231
609,ิมC18024
609,ิมC18170
609,ิมC18167
609,ิมC18146
609,ิมC18172
609,ิมC18251
609,ิมC20737
705,ิมC18341
705,ิมC18229
706,ิมC18156
706,ิมC18332
710,ิมC18337
710,ิมC18331
710,ิมC18325
715,ิมC20730
715,ิมC20720
801,ิมC03866D
801,ิมC03883D
801,ิมC06660D
801,ิมC07778D
801,ิมC06133D
812,ิมC06137D
812,ิมC06705D
812,ิมC02769D
812,ิมC07007D
931,ิมC20604
931,ิมC18640
931,ิมC18711
931,ิมC18705
931,ิมC18659
931,ิมC18616
931,ิมC20577
931,ิมC21141
931,ิมC21071
931,ิมC20294
931,ิมC21058
931,ิมC17074
931,ิมC20295
992,ิมC18712
992,ิมC20522
992,ิมC21131
992,ิมC20478
992,ิมC21066
992,ิมC20712
992,ิมC18629
992,ิมC20467
992,ิมC21062
992,ิมC21128
992,ิมC20496
992,ิมC20491
992,ิมC21049
992,ิมC18540
999,ิมC00972D
999,ิมC07585D
999,ิมC06763D
999,ิมC03283D
999,ิมC01251D
K3ยท,ิมC07899D
K3ยท,ิมC03845D
K3ยท,ิมC02737D
K3ยท,ิมC09499D
K3ยท,ิมC03383D
K4ยท,ิมC18185
K4ยท,ิมC18210
K4ยท,ิมC18213
K4ยท,ิมC17764
K6ยท,ิมC18202
K6ยท,ิมC22958
K6ยท,ิมC22946
K6ยท,ิมC18152
K6ยท,ิมC18176
K7ยท,ิมC21099
K7ยท,ิมC20503
K7ยท,ิมC20451
K7ยท,ิมC20364
K7ยท,ิมC20512
K7ยท,ิมC21079
K7ยท,ิมC20520
K7ยท,ิมC21199
K8ยท,ิมC20479
K8ยท,ิมC20490
K8ยท,ิมC20470
K8ยท,ิมC20510
K8ยท,ิมC16514
K8ยท,ิมC18257
K8ยท,ิมC18191
K8ยท,ิมC18260
K8ยท,ิมC18255
K8ยท,ิมC20521
K8ยท,ิมC20507
K11ยท,ิมC31280
K11ยท,ิมC31295
K11ยท,ิมC31277
K11ยท,ิมC31276
K11ยท,ิมC00594D
K11ยท,ิมC31270
K11ยท,ิมC03305D
K11ยท,ิมC31269
K11ยท,ิมC31252
K11ยท,ิมC05697D
K11ยท,ิมC31289
K11ยท,ิมC31285
K11ยท,ิมC31281
K2ยท,ิมC00202D
K2ยท,ิมC07768D
K2ยท,ิมC06690D
K10ยท,ิมC20537
K10ยท,ิมC20334
K10ยท,ิมC20285
K10ยท,ิมC21166
K10ยท,ิมC20274
K10ยท,ิมC21153
K1ยท,ิมC06773D
K1ยท,ิมC00983D
K1ยท,ิมC01739D
K1ยท,ิมC06179D
K1ยท,ิมC03856D
K5ยท,ิมC08051D
K5ยท,ิมC02223D
K5ยท,ิมC07820D
K5ยท,ิมC02710D
K5ยท,ิมC07705D
K5ยท,ิมC07665D
K5ยท,ิมC00511D
K5ยท,ิมC01286D
K9ยท,ิมC02782D
K9ยท,ิมC08199D
K9ยท,ิมC08611D
K9ยท,ิมC03890D
K9ยท,ิมC08607D
K9ยท,ิมC06798D
B2ยท,ิมC33062
B2ยท,ิมC33093
B2ยท,ิมC33068
B2ยท,ิมC33035
B20ยท,ิมC07511D
B1ยท,ิมC32725
B1ยท,ิมC32731
B1ยท,ิมC32735
B1ยท,ิมC32877
B1ยท,ิมC32701
B1ยท,ิมC32718
B1ยท,ิมC32671
B1ยท,ิมC32715
B9ยท,ิมC00208D
B9ยท,ิมC08699D
B9ยท,ิมC08625D
B9ยท,ิมC07788D
B9ยท,ิมC08627D
B9ยท,ิมC00938D
B9ยท,ิมC00229D
B3ยท,ิมC21025
B3ยท,ิมC18713
B3ยท,ิมC21041
B3ยท,ิมC18691
B3ยท,ิมC18794
B3ยท,ิมC21188
B3ยท,ิมC18675
B3ยท,ิมC21136
B3ยท,ิมC21072
B3ยท,ิมC18610
B3ยท,ิมC21193
L1ยท,ิมC31786
L1ยท,ิมC31782
L1ยท,ิมC31788
L1ยท,ิมC31787
L1ยท,ิมC31780
L1ยท,ิมC31766
L1ยท,ิมC31781
3Aยท,ิมC07069D
3Aยท,ิมC02629D
3Aยท,ิมC02623D
3Aยท,ิมC08673D
10Aยท,ิมC05630D
10Aยท,ิมC08026D
10Aยท,ิมC06114D
10Aยท,ิมC05652D
10Aยท,ิมC01213D
K4ยท,ิมC18238
K4ยท,ิมC18294
K4ยท,ิมC18203
K4ยท,ิมC18171
K6ยท,ิมC18250
K6ยท,ิมC18234
K6ยท,ิมC18226
K6ยท,ิมC18242
K6ยท,ิมC18235
K6ยท,ิมC18239
K2ยท,ิมC08690D
K2ยท,ิมC00936D
K2ยท,ิมC00929D
K10ยท,ิมC21186
K10ยท,ิมC21088
K10ยท,ิมC16714
K10ยท,ิมC20340
K5ยท,ิมC03298D
K5ยท,ิมC00666D
K5ยท,ิมC03234D
K5ยท,ิมC03239D
K5ยท,ิมC08163D
K5ยท,ิมC07519D
K5ยท,ิมC07590D
K9ยท,ิมC01767D
K9ยท,ิมC07789D
K9ยท,ิมC07088D
K9ยท,ิมC07887D
K9ยท,ิมC08077D
K9ยท,ิมC06664D
B20ยท,ิมC06900D
B3ยท,ิมC21052
B3ยท,ิมC21183
B3ยท,ิมC20556
B3ยท,ิมC23562
B3ยท,ิมC20532
B3ยท,ิมC20529
B3ยท,ิมC20539
B3ยท,ิมC20723
B3ยท,ิมC20553
B3ยท,ิมC20545
3Aยท,ิมC07063D
3Aยท,ิมC06618D
3Aยท,ิมC07897D
B2ยท,ิมC33083
B2ยท,ิมC33069
B2ยท,ิมC31547
B2ยท,ิมC33053
B2ยท,ิมC33076
B1ยท,ิมC32759
B1ยท,ิมC32713
B1ยท,ิมC32737
10Aยท,ิมC08097D
10Aยท,ิมC03393D
10Aยท,ิมC02757D
10Aยท,ิมC06713D
10Aยท,ิมC05663D
K7ยท,ิมC20714
K7ยท,ิมC20480
K7ยท,ิมC20476
K7ยท,ิมC21167
K7ยท,ิมC20484
B1ยท,ิมC32750
K7ยท,ิมC20493
K8ยท,ิมC18269
